channel_id,video_id,video_title,video_url,views,timeScraped
@WRAL5,BZ7PZMyY2Cg,Crash blocks Triangle Expressway near Holly Springs,https://www.youtube.com/watch?v=BZ7PZMyY2Cg,96,2025-01-20T23:05:09.721Z
@WRAL5,6BRkc87A9TQ,Serious crash with unknown injuries shuts down part of NC-540 overnight in Wake County,https://www.youtube.com/watch?v=6BRkc87A9TQ,590,2025-01-20T23:05:09.721Z
@6abcActionNews,q4DIOvD-4B8,Body found near railroad tracks in New Jersey,https://www.youtube.com/watch?v=q4DIOvD-4B8,2346,2025-01-20T23:03:51.149Z
@WFRVLocal5,ilp7cvT-nPk,Winterfest on Broadway presented by Green Bay Packers Give Back,https://www.youtube.com/watch?v=ilp7cvT-nPk,61,2025-01-20T23:03:21.098Z
@WFRVLocal5,DQvTsdiDkdA,"Air-powered rifle shooting in Fond du Lac leads to traffic stop & arrest, victim shot at 3 times",https://www.youtube.com/watch?v=DQvTsdiDkdA,32,2025-01-20T23:03:21.098Z
@13ONYOURSIDE,hbD-tucec3U,"Extreme cold, snowfall could cause slick road conditions in West Michigan",https://www.youtube.com/watch?v=hbD-tucec3U,268,2025-01-20T23:03:05.826Z
@13ONYOURSIDE,qi-dqw3_Iu4,Kent County Road Commission explains how crews handle road clearing,https://www.youtube.com/watch?v=qi-dqw3_Iu4,119,2025-01-20T23:03:05.826Z
abc15,jNlf24IJUJk,Driver sentenced to 22 years in prison for wrong-way crash that killed three GCU students in 2022,https://www.youtube.com/watch?v=jNlf24IJUJk,1360,2025-01-20T23:02:51.815Z
abc15,0ov68jexfwU,One person dead after shooting involving Phoenix police near 35th Avenue and Baseline Road,https://www.youtube.com/watch?v=0ov68jexfwU,2100,2025-01-20T23:02:51.815Z
abc15,c_SR9QknIZM,Man seriously injured after stabbing near Reems Road and Grand Avenue,https://www.youtube.com/watch?v=c_SR9QknIZM,924,2025-01-20T23:02:51.815Z
abc15,3Y9u9yLOr5g,How Valley drivers deal with road rage,https://www.youtube.com/watch?v=3Y9u9yLOr5g,1657,2025-01-20T23:02:51.815Z
@fox5atlanta,pIDxHOdPix8,What's brine? Georgia winter weather road prep begins | FOX 5 News,https://www.youtube.com/watch?v=pIDxHOdPix8,1453,2025-01-20T23:01:46.737Z
@fox5atlanta,-w680JgAWu0,"GDOT brine trucks treat Georgia roads before snow, ice | FOX 5 News",https://www.youtube.com/watch?v=-w680JgAWu0,5801,2025-01-20T23:01:46.737Z
@fox5atlanta,9RGF-CnSGPU,"Biden commutes 2,500 sentences | FOX 5 News",https://www.youtube.com/watch?v=9RGF-CnSGPU,5614,2025-01-20T23:01:46.737Z
@News4JAX,PQBwTkRmgB8,Live from DC: This Week In Jacksonville takes show on the road to preview Trump's inauguration,https://www.youtube.com/watch?v=PQBwTkRmgB8,1011,2025-01-20T23:01:19.907Z
@News4JAX,Z9jJTQQOG2E,"From snow covered fields to icy roads, Freezing Temperatures and a Winter Storm Warning",https://www.youtube.com/watch?v=Z9jJTQQOG2E,72,2025-01-20T23:01:19.907Z
@News4JAX,Q0uk4YV-dlA,"From snow covered fields to icy roads, Freezing Temperatures and a Winter Storm Warning",https://www.youtube.com/watch?v=Q0uk4YV-dlA,1202,2025-01-20T23:01:19.907Z
@News4JAX,h6w_f3nWcOQ,Winter Storm Warning: Winter Wonderland to icy roads expected in coming days,https://www.youtube.com/watch?v=h6w_f3nWcOQ,68,2025-01-20T23:01:19.907Z
@News4JAX,uTT15q03n8c,"Georgia DOT treats highways, bridges with brine ahead of dangerous winter storm",https://www.youtube.com/watch?v=uTT15q03n8c,315,2025-01-20T23:01:19.907Z
@News4JAX,H2O_xxDw5Qk,Bridges always freeze before roads. Here’s why,https://www.youtube.com/watch?v=H2O_xxDw5Qk,290,2025-01-20T23:01:19.907Z
@WPLGLocal10,PZDmCpfcQJA,Small plane crashes while taking off at North Perry Airport,https://www.youtube.com/watch?v=PZDmCpfcQJA,3047,2025-01-20T23:00:26.206Z
@WPLGLocal10,eocbtGSmdgc,Texas man still hitting the roads at 101 years old,https://www.youtube.com/watch?v=eocbtGSmdgc,191,2025-01-20T23:00:26.206Z
@WPLGLocal10,2JK3ILSJ9kI,Annual MLK Day Parade leads to traffic closures,https://www.youtube.com/watch?v=2JK3ILSJ9kI,3030,2025-01-20T23:00:26.206Z
11Alive,Zl9kJqtnc8U,Georgia transportation authorities begin treating roads ahead of snow,https://www.youtube.com/watch?v=Zl9kJqtnc8U,136,2025-01-20T18:00:26.448Z
11Alive,bA_yucM_o4c,TRAFFIC | Multiple lanes blocked on I-75 South in Cobb County,https://www.youtube.com/watch?v=bA_yucM_o4c,393,2025-01-20T17:04:50.747Z
11Alive,tSncBpK9xfA,Crews begin brine treatments of roads today ahead of Georgia winter weather,https://www.youtube.com/watch?v=tSncBpK9xfA,1033,2025-01-20T16:04:43.305Z
@News4JAX,OTwIvsu-SP4,‘She was just the best’: Family remembers 16-year-old Atlantic Coast High student after fatal crash,https://www.youtube.com/watch?v=OTwIvsu-SP4,1103,2025-01-20T15:01:35.650Z
@WPLGLocal10,foG9ijFKx1E,1 injured in Miami Beach crash,https://www.youtube.com/watch?v=foG9ijFKx1E,882,2025-01-20T14:02:30.427Z
@6abcActionNews,g3DZGuoOKYc,Newly sworn-in officer resigns after being charged in alleged road rage incident,https://www.youtube.com/watch?v=g3DZGuoOKYc,24302,2025-01-20T11:00:58.280Z
@News4JAX,MVIGULg8pWI,Grieving parents describe loss of 18-year-old killed in wrong-way crash,https://www.youtube.com/watch?v=MVIGULg8pWI,795,2025-01-20T10:03:44.810Z
@ABC13Houston,aLFFINE4xsM,SUV crashes through HOV flyover barrier wall and lands on I-69 Southwest Freeway below,https://www.youtube.com/watch?v=aLFFINE4xsM,2273,2025-01-19T23:01:48.236Z
@WRAL5,WIDNl2NRAc0,"Traffic paralyzed: Six Forks Road closed, crashes near North Hills in Raleigh",https://www.youtube.com/watch?v=WIDNl2NRAc0,117,2025-01-19T02:04:46.557Z
abc15,N7736_BrMGI,Weekend freeway construction happening around the Valley,https://www.youtube.com/watch?v=N7736_BrMGI,142,2025-01-19T01:00:43.024Z
@WPLGLocal10,VSjJXjPIk40,Suspect accused of DUI in road ranger's death appears in court,https://www.youtube.com/watch?v=VSjJXjPIk40,2438,2025-01-18T23:04:21.906Z
@WFRVLocal5,n7XUA4Wu62E,Local nonprofit receives money to curb human trafficking during NFL draft,https://www.youtube.com/watch?v=n7XUA4Wu62E,24,2025-01-18T17:01:21.345Z
@WPLGLocal10,icxhWHu4U9c,"Power knocked out, traffic snarled after dump truck crash in Miami",https://www.youtube.com/watch?v=icxhWHu4U9c,702,2025-01-18T04:05:09.258Z
@WFRVLocal5,Q_G1u8MkWQ4,Sustainably Speaking: Exploring Miron Construction’s Sustainable Journey,https://www.youtube.com/watch?v=Q_G1u8MkWQ4,10,2025-01-18T04:04:54.088Z
@News4JAX,zrL0LfXARvg,‘This is not Disney World’: St. Augustine looks to address high traffic during ‘Nights of Lights.’,https://www.youtube.com/watch?v=zrL0LfXARvg,529,2025-01-18T03:02:07.731Z
@ABC13Houston,ZIny1JwOZcc,West Houston man badly injured in possible road rage attack,https://www.youtube.com/watch?v=ZIny1JwOZcc,4395,2025-01-18T01:05:03.435Z
@News4JAX,2IKSPTrHdF0,Drug traffickers ‘with direct cartel connections’ arrested in long-term JSO operation,https://www.youtube.com/watch?v=2IKSPTrHdF0,1428,2025-01-18T00:00:42.551Z
@WPLGLocal10,1ibFXiuKReI,Police announce arrest after road ranger killed in crash while assisting other drivers,https://www.youtube.com/watch?v=1ibFXiuKReI,4304,2025-01-17T23:01:53.630Z
@News4JAX,mt1l1yzuwwM,Florida increases CrimeStoppers reward for tips that lead to the rescue of human trafficking victim,https://www.youtube.com/watch?v=mt1l1yzuwwM,346,2025-01-17T23:01:17.300Z
@WFRVLocal5,rwV6YudraIE,Fond du Lac Police Department responds to two accidental firearm incidents about 40 hours apart,https://www.youtube.com/watch?v=rwV6YudraIE,52,2025-01-17T22:04:55.021Z
@WPLGLocal10,Omd2jtFqc3E,Dump truck crash causes power outages in Little Haiti,https://www.youtube.com/watch?v=Omd2jtFqc3E,1103,2025-01-17T22:02:43.714Z
@WRAL5,GdK1oWeu0Ww,The specialized unit keeping you safe on the road through tractor-trailer inspections,https://www.youtube.com/watch?v=GdK1oWeu0Ww,71,2025-01-17T19:01:18.390Z
@News4JAX,9V_vEScyNVM,"Florida Attorney General Moody unveils new tools, initiatives to help report human trafficking",https://www.youtube.com/watch?v=9V_vEScyNVM,96,2025-01-17T18:02:36.873Z
@News4JAX,udfQgyxoC_0,Full Video: Sheriff Waters announces arrests in long-term drug trafficking operation,https://www.youtube.com/watch?v=udfQgyxoC_0,5646,2025-01-17T18:02:36.873Z
@ABC13Houston,wEzAC5khpkE,Construction begins on yearslong White Oak Bayou Project in the Heights,https://www.youtube.com/watch?v=wEzAC5khpkE,1549,2025-01-17T16:04:35.472Z
@ABC13Houston,a6hn3nenfPI,"Man found at crash scene shot by officers after waving gun, HPD says",https://www.youtube.com/watch?v=a6hn3nenfPI,1233,2025-01-17T15:02:31.088Z
@WPLGLocal10,u0fqkwcIEHo,Garbage truck crash cuts power in Little Haiti neighborhood,https://www.youtube.com/watch?v=u0fqkwcIEHo,1015,2025-01-17T14:02:29.278Z
@13ONYOURSIDE,MkI9W1gabm0,Whitmer lays out the 'road ahead' for Michigan this year,https://www.youtube.com/watch?v=MkI9W1gabm0,154,2025-01-17T11:02:49.532Z
@WRAL5,-uWdu9_JVIw,New: Two highway patrol cruisers involved in Raleigh crash,https://www.youtube.com/watch?v=-uWdu9_JVIw,288,2025-01-17T09:02:25.087Z
@ABC11WTVD,cNEseUV2ff4,Morning commuters: Donkeys out early in North Carolina,https://www.youtube.com/watch?v=cNEseUV2ff4,210,2025-01-17T01:01:15.431Z
@WFRVLocal5,lg1GY1fhBxo,Packers season ends - 100 days til NFL Draft - Airports getting ready for more traffic,https://www.youtube.com/watch?v=lg1GY1fhBxo,41,2025-01-17T00:04:23.734Z
@WPLGLocal10,-bByjfMqju0,"Israel delays cabinet vote to approve ceasefire, hostage deal with Hamas",https://www.youtube.com/watch?v=-bByjfMqju0,872,2025-01-16T23:03:23.122Z
@13ONYOURSIDE,J7EvxMyn1jg,"While data shows a decrease in crashes on I-94, MSP still urges safe driving",https://www.youtube.com/watch?v=J7EvxMyn1jg,71,2025-01-16T23:01:38.248Z
@wxyztvdetroit,NSIzkd0sfjg,WATCH: Michigan governor Gretchen Whitmer speaks on the road ahead at Detroit Auto Show,https://www.youtube.com/watch?v=NSIzkd0sfjg,702,2025-01-16T22:04:19.710Z
@News4JAX,-bydVEQ6o1U,Serenity Holland’s family fights for justice 6 months after fatal Buckman Bridge crash,https://www.youtube.com/watch?v=-bydVEQ6o1U,585,2025-01-16T22:01:01.885Z
11Alive,RuYUJwfibvw,Icy road conditions cause continuing north Georgia virtual school days & delays on Thursday,https://www.youtube.com/watch?v=RuYUJwfibvw,292,2025-01-16T21:01:39.948Z
@wxyztvdetroit,TcjqfX15asE,"St. Clair County man severely injured in snowmobile crash, faces long road to recovery",https://www.youtube.com/watch?v=TcjqfX15asE,371,2025-01-16T17:03:33.282Z
@WPLGLocal10,xFgIpml77T0,"Police investigating after crash at busy Margate intersection leaves 3 dead, 2 injured",https://www.youtube.com/watch?v=xFgIpml77T0,551,2025-01-16T17:02:43.016Z
@WPLGLocal10,CVNJkraFo70,"Crash at busy Margate intersection leaves 3 dead, 2 injured",https://www.youtube.com/watch?v=CVNJkraFo70,713,2025-01-16T17:02:43.016Z
@WPLGLocal10,Sug4mJBcMkY,"Margate police investigate crash that left 3 dead, 2 injured",https://www.youtube.com/watch?v=Sug4mJBcMkY,3232,2025-01-16T14:02:03.771Z
@ABC13Houston,ylMkPKrF0eg,Convicted trafficker in custody after skipping trial 2 years ago,https://www.youtube.com/watch?v=ylMkPKrF0eg,1616,2025-01-16T12:04:05.772Z
11Alive,umCbX8auMng,Barrow County approves plan aimed at reducing fatal crashes,https://www.youtube.com/watch?v=umCbX8auMng,98,2025-01-16T11:02:41.754Z
@WRAL5,ht1QxYEZUSM,Man on the run after crashing multiple times during chase in Wake County,https://www.youtube.com/watch?v=ht1QxYEZUSM,230,2025-01-16T09:03:08.381Z
@6abcActionNews,ZNk2MsKuM7w,Philadelphia community meets to discuss pedestrian safety after fatal crashes,https://www.youtube.com/watch?v=ZNk2MsKuM7w,498,2025-01-16T02:04:02.464Z
abc15,KdH_zx0q3ms,Fire crews battling apartment fire near US 60 and Rural Road,https://www.youtube.com/watch?v=KdH_zx0q3ms,296,2025-01-15T23:01:45.468Z
@13ONYOURSIDE,zImfLq5Qudc,Pizza shop hosts fundraiser for teen killed in ATV crash,https://www.youtube.com/watch?v=zImfLq5Qudc,114,2025-01-15T22:04:37.687Z
@13ONYOURSIDE,sXZJXb4UV8g,LIVE LOOK | How are the roads in West Michigan?,https://www.youtube.com/watch?v=sXZJXb4UV8g,220,2025-01-15T22:04:37.687Z
@fox5atlanta,sQ6ZKQBtxao,Metro Atlanta roads: Car flips over on interstate | FOX 5 News,https://www.youtube.com/watch?v=sQ6ZKQBtxao,12513,2025-01-15T21:00:45.683Z
@WPLGLocal10,HWVzDHFjyis,Dashcam video shows Broward principal posing as deputy during traffic stop,https://www.youtube.com/watch?v=HWVzDHFjyis,1046,2025-01-15T20:05:15.656Z
@WRAL5,0odRjQRVL2g,Sky 5 flies over I-540 West crash near Creedmoor Road in Raleigh,https://www.youtube.com/watch?v=0odRjQRVL2g,794,2025-01-15T19:01:55.464Z
@WFRVLocal5,0UAR6jA66SU,Semi crashes due to ice on West Bound WI-29 in Shawano County,https://www.youtube.com/watch?v=0UAR6jA66SU,27,2025-01-15T18:01:20.001Z
@wxyztvdetroit,iTc3QlbaoZY,"Drivers, are you ready? I-696 to undergo 2-year construction project from Lahser to I-75",https://www.youtube.com/watch?v=iTc3QlbaoZY,808,2025-01-15T18:00:44.820Z
@13ONYOURSIDE,MkDQVAr2Jlg,"Road crews spreading salt, sand mixture due to bitter cold",https://www.youtube.com/watch?v=MkDQVAr2Jlg,73,2025-01-15T17:04:43.489Z
@ABC13Houston,uFwO1LwIO-U,DPS trooper shoots 17-year-old after traffic stop near Atascocita,https://www.youtube.com/watch?v=uFwO1LwIO-U,68273,2025-01-15T15:02:26.558Z
@News4JAX,OopsEFheJcE,JSO sex worker sting operation along Philips Highway leads to arrest of 10 people,https://www.youtube.com/watch?v=OopsEFheJcE,5493,2025-01-15T14:00:28.545Z
@News4JAX,906Y8jAwpIU,Daycare owner calls for changes on Westside road after multiple incidents,https://www.youtube.com/watch?v=906Y8jAwpIU,450,2025-01-15T14:00:28.545Z
@WPLGLocal10,UOVX_nkD2qU,Dashcam video shows Broward principal claiming he's an officer to FHP during traffic stop,https://www.youtube.com/watch?v=UOVX_nkD2qU,1061,2025-01-15T12:03:33.228Z
@13ONYOURSIDE,-63cxrsHWs0,Live look at road conditions in Kent County,https://www.youtube.com/watch?v=-63cxrsHWs0,477,2025-01-15T12:03:18.744Z
@6abcActionNews,V0K6LfLgAt0,5-year-old boy fighting for his life after 4-car crash in Philadelphia,https://www.youtube.com/watch?v=V0K6LfLgAt0,5357,2025-01-15T05:02:03.084Z
abc15,ytlde6IYdRs,Valley community ‘tired’ of nearby wildfires sparked by construction,https://www.youtube.com/watch?v=ytlde6IYdRs,2007,2025-01-15T00:02:58.928Z
@WPLGLocal10,lrPsc8fJ7MA,"Road rage shooting victim glad to be alive, police search for shooter",https://www.youtube.com/watch?v=lrPsc8fJ7MA,2350,2025-01-14T23:02:35.754Z
@WFRVLocal5,8YXe0JIJOcw,Oshkosh Police Department and community rally to raise awareness in fight against human trafficking,https://www.youtube.com/watch?v=8YXe0JIJOcw,11,2025-01-14T23:01:15.767Z
@fox5atlanta,E05Has6_bhg,Atlanta ice: How quickly icy roads can form | FOX 5 News,https://www.youtube.com/watch?v=E05Has6_bhg,3815,2025-01-14T22:04:02.985Z
@WPLGLocal10,iHZsR-ZJL3Q,Woman killed after being hit by car on I-95 following separate crash,https://www.youtube.com/watch?v=iHZsR-ZJL3Q,1553,2025-01-14T22:03:47.024Z
@WPLGLocal10,fn98IGN16SE,Road rage shooter wanted after woman injured in Broward,https://www.youtube.com/watch?v=fn98IGN16SE,1781,2025-01-14T22:03:47.024Z
@WPLGLocal10,hRVPgg6hPAU,Road rage shooting victim says she is lucky,https://www.youtube.com/watch?v=hRVPgg6hPAU,1979,2025-01-14T22:03:47.024Z
@13ONYOURSIDE,Q_l27xCwwbs,Pizza shop hosting fundraiser for family of teen killed in ATV crash,https://www.youtube.com/watch?v=Q_l27xCwwbs,134,2025-01-14T22:03:00.940Z
@6abcActionNews,uQlV5wbuCk8,"2 injured after stolen car crashes into church in Newark, Delaware",https://www.youtube.com/watch?v=uQlV5wbuCk8,405,2025-01-14T22:01:04.836Z
11Alive,CBH3gi2XCMc,Sen. Ossoff inquiry over veteran mail delays,https://www.youtube.com/watch?v=CBH3gi2XCMc,185,2025-01-14T22:00:43.975Z
@WPLGLocal10,8c38-liU_P8,1 dead after tractor-trailers crash on Turnpike in Miami Gardens,https://www.youtube.com/watch?v=8c38-liU_P8,11508,2025-01-14T20:04:59.495Z
11Alive,EQ4FMBNl_MM,Sen. Ossoff launches inquiry over veterans experiencing mail delays,https://www.youtube.com/watch?v=EQ4FMBNl_MM,288,2025-01-14T16:03:47.840Z
11Alive,C6ODAWHq8s0,Water main break blocks road in Brookhaven; more info,https://www.youtube.com/watch?v=C6ODAWHq8s0,288,2025-01-14T16:03:47.840Z
@WPLGLocal10,pYm2KGag3w0,"Woman struck, killed by vehicle after getting out of car after I-95 crash",https://www.youtube.com/watch?v=pYm2KGag3w0,29266,2025-01-14T14:01:24.559Z
@WFRVLocal5,1xNOuxD1ydg,"Oshkosh Police Department rescues human trafficking victim, arrests suspect with extensive criminal",https://www.youtube.com/watch?v=1xNOuxD1ydg,80,2025-01-14T12:03:49.595Z
@6abcActionNews,AqNUL0CONgo,"2 injured after stolen car crashes into church in Newark, Delaware",https://www.youtube.com/watch?v=AqNUL0CONgo,431,2025-01-14T10:03:34.799Z
@WFRVLocal5,HqAM7oCI0GM,UPDATE: Vehicle that crashed into Lake Winnebago officially removed from water,https://www.youtube.com/watch?v=HqAM7oCI0GM,76,2025-01-14T05:00:57.809Z
@fox5atlanta,qLkRd4YeTlU,Winter storm causes traffic problem on Atlanta interstate | FOX 5 News,https://www.youtube.com/watch?v=qLkRd4YeTlU,1462,2025-01-14T04:01:16.225Z
@6abcActionNews,r7HZ872USsY,Trailer filled with construction equipment stolen,https://www.youtube.com/watch?v=r7HZ872USsY,2002,2025-01-14T02:03:47.676Z
@WRAL5,D3kgnTsM_yg,Child dies after sledding accident in Guilford County,https://www.youtube.com/watch?v=D3kgnTsM_yg,184,2025-01-14T02:02:57.766Z
@ABC11WTVD,XdFpXG0ep84,"NCDOT, local municipalities race against the clock to prep roads",https://www.youtube.com/watch?v=XdFpXG0ep84,425,2025-01-14T01:02:36.760Z
@WFRVLocal5,81Msgm3qOzA,Semi crashes due to ice on West Bound WI-29 in Shawano County,https://www.youtube.com/watch?v=81Msgm3qOzA,0,2025-01-13T23:02:27.533Z
@13ONYOURSIDE,5ocLYt0IFPY,13 ON YOUR SIDE Weather Chaser showcases the latest snowy road conditions,https://www.youtube.com/watch?v=5ocLYt0IFPY,323,2025-01-13T22:03:40.657Z
@WPLGLocal10,UOwzEUnL64M,"Unlicensed teen crashes, causes damage in Pembroke Park neighborhood",https://www.youtube.com/watch?v=UOwzEUnL64M,1116,2025-01-13T22:01:13.533Z
abc15,p15BPdsWGq0,Woman dead after double house fire near 83rd Avenue and Thomas Road,https://www.youtube.com/watch?v=p15BPdsWGq0,840,2025-01-13T21:03:46.629Z
@WRAL5,mTp4KyEB4CA,"Dangerous road conditions in Wake County, multi-vehicle crash shuts down I-87",https://www.youtube.com/watch?v=mTp4KyEB4CA,729,2025-01-13T20:03:53.415Z
@WPLGLocal10,yiGJoeF3gZo,Crash shuts down lanes on I-95 SB approaching Golden Glades Interchange,https://www.youtube.com/watch?v=yiGJoeF3gZo,489,2025-01-13T19:04:54.300Z
11Alive,uAIeCHwvOyE,West Midtown road closure for crane removal this week,https://www.youtube.com/watch?v=uAIeCHwvOyE,123,2025-01-13T17:01:24.174Z
@WFRVLocal5,JaBSJLSEAqc,Fox World Travel raises awareness on Human Trafficking ahead of NFL Draft,https://www.youtube.com/watch?v=JaBSJLSEAqc,16,2025-01-13T16:04:35.744Z
@WRAL5,PS4qs6xuWro,Car slides off road into creek in Durham,https://www.youtube.com/watch?v=PS4qs6xuWro,101,2025-01-13T16:02:27.790Z
@WRAL5,EEXPhUrCxvc,"Roxboro sees more than 2 inches of snow, multiple crashes reported across the Triangle",https://www.youtube.com/watch?v=EEXPhUrCxvc,633,2025-01-13T16:02:27.790Z
11Alive,LTW3kyVtx6I,AJC Peachtree Road Race t-shirt contest open,https://www.youtube.com/watch?v=LTW3kyVtx6I,299,2025-01-13T16:02:13.798Z
@WRAL5,6RqgN4dmxLs,"Dangerous road conditions in Wake County, woman shares her crash experience",https://www.youtube.com/watch?v=6RqgN4dmxLs,86,2025-01-13T14:02:35.819Z
@ABC13Houston,FeE70bvUJqs,Driver jumped from IH-69 in chain reaction crash that left 1 dead: HPD,https://www.youtube.com/watch?v=FeE70bvUJqs,1610,2025-01-13T13:02:31.495Z
11Alive,yG7JaLJ3dE4,"Flight cancelations, delays down after winter storm in north Georgia",https://www.youtube.com/watch?v=yG7JaLJ3dE4,426,2025-01-13T11:03:00.473Z
11Alive,LJIy6rpTlYI,Road and weather conditions following winter weather in north Georgia,https://www.youtube.com/watch?v=LJIy6rpTlYI,3490,2025-01-13T11:03:00.473Z
@WFRVLocal5,bU_JZ85Crmk,"Driver uninjured after crash into Lake Winnebago, plans to remove vehicle made",https://www.youtube.com/watch?v=bU_JZ85Crmk,91,2025-01-13T05:04:17.115Z
@News4JAX,Y_81xEJdXx4,FDOT designates new ‘no pass’ zone on State Road A1A in South Ponte Vedra Beach to reduce fatalities,https://www.youtube.com/watch?v=Y_81xEJdXx4,423,2025-01-13T04:03:27.497Z
11Alive,Cucq61msqzM,Roads could refreeze overnight with dropping temps,https://www.youtube.com/watch?v=Cucq61msqzM,1414,2025-01-13T00:02:05.830Z
@WPLGLocal10,r3pfo0D7b-Y,Ice from vehicle breaks windshield of other car on highway,https://www.youtube.com/watch?v=r3pfo0D7b-Y,865,2025-01-12T23:00:27.600Z
11Alive,6Le9FLFcmJ0,"Hartsfield-Jackson update | Fewer crowds at checkpoints after winter storm, fight delays continue",https://www.youtube.com/watch?v=6Le9FLFcmJ0,561,2025-01-12T19:02:18.974Z
11Alive,ggEBqDe8_fE,Winter storm aftermath: Breezy conditions and icy roads persist Saturday; full details,https://www.youtube.com/watch?v=ggEBqDe8_fE,2474,2025-01-12T18:03:27.310Z
@WPLGLocal10,zPJYMJltGEo,Driver killed after SUV crashes into southwest Miami-Dade canal,https://www.youtube.com/watch?v=zPJYMJltGEo,673,2025-01-12T18:02:03.149Z
@WRAL5,ayEb_ssjuqw,Ask the meteorologist: Why bridges become icy before roads,https://www.youtube.com/watch?v=ayEb_ssjuqw,110,2025-01-12T15:03:48.333Z
@WRAL5,HSUw9z0xBEg,Multi-vehicle crash shuts down I-87 as snow falls in Wake County,https://www.youtube.com/watch?v=HSUw9z0xBEg,7368,2025-01-12T15:03:48.333Z
11Alive,pItzXCUyGls,Flight delays and cancellations continue at Hartsfield-Jackson amid winter weather,https://www.youtube.com/watch?v=pItzXCUyGls,905,2025-01-12T15:03:27.294Z
11Alive,eN02f6oMK8Q,"Icy conditions causing trees down, road issues in Gwinnett County",https://www.youtube.com/watch?v=eN02f6oMK8Q,1894,2025-01-12T14:02:06.088Z
11Alive,LvAq-tMRnq8,"Road conditions improving after winter storm in Atlanta blankets city in snow, causing icy condition",https://www.youtube.com/watch?v=LvAq-tMRnq8,16689,2025-01-12T14:02:06.088Z
abc15,8eA5XJUaiuY,Weekend freeway construction happening around the Valley,https://www.youtube.com/watch?v=8eA5XJUaiuY,263,2025-01-12T14:00:41.089Z
@ABC11WTVD,bwEU4byJKAM,"NCDOT crews hit roads with brine, HVAC workers busy keeping the heat on",https://www.youtube.com/watch?v=bwEU4byJKAM,3181,2025-01-12T05:03:47.640Z
11Alive,7pS07NzIa3w,Winter storm in Georgia | Live road conditions on I-85,https://www.youtube.com/watch?v=7pS07NzIa3w,1058,2025-01-12T04:00:27.428Z
11Alive,P70lzx4bBKk,Winter storm aftermath: Breezy conditions and icy roads persist Saturday; full details,https://www.youtube.com/watch?v=P70lzx4bBKk,2581,2025-01-11T23:00:38.978Z
11Alive,Bv7F0rmCczU,Winter storm in Atlanta | Black ice on the roads a risk into tomorrow,https://www.youtube.com/watch?v=Bv7F0rmCczU,1445,2025-01-11T23:00:38.978Z
@WPLGLocal10,Ci_1WrqPHh4,1 dies after car crashes into southwest Miami-Dade canal,https://www.youtube.com/watch?v=Ci_1WrqPHh4,760,2025-01-11T23:00:23.001Z
@WRAL5,JMkf0nePgXg,"Crews prepare for slick roads, power outages",https://www.youtube.com/watch?v=JMkf0nePgXg,88,2025-01-11T15:03:08.213Z
11Alive,Thu61xFgMug,Winter weather in Atlanta | Falling road temperatures could lead to slick conditions overnight and i,https://www.youtube.com/watch?v=Thu61xFgMug,3264,2025-01-11T14:04:51.654Z
11Alive,LMxtq_ZwOBk,Winter weather road conditions | Traveling I-85,https://www.youtube.com/watch?v=LMxtq_ZwOBk,2790,2025-01-11T13:03:43.911Z
11Alive,tAbYPvg1Krs,Winter weather in Atlanta | GDOT official gives update on road conditions,https://www.youtube.com/watch?v=tAbYPvg1Krs,1140,2025-01-11T04:02:31.240Z
@WRAL5,dP9rADJ6t_Y,City of Raleigh begins brining 840 miles of roadways,https://www.youtube.com/watch?v=dP9rADJ6t_Y,43,2025-01-11T03:03:17.730Z
11Alive,Ysdty0_Ndjo,Winter storm impact | Air traffic scheduled to resume this afternoon at the world's busiest airport,https://www.youtube.com/watch?v=Ysdty0_Ndjo,313,2025-01-11T00:03:18.072Z
11Alive,erWupE4zDlw,Winter weather road conditions | I-85 South,https://www.youtube.com/watch?v=erWupE4zDlw,346,2025-01-11T00:03:18.072Z
11Alive,fznn1v7MJQc,"Winter storm in Atlanta | Icy, slushy roads ahead as temperatures fall this evening",https://www.youtube.com/watch?v=fznn1v7MJQc,1099,2025-01-11T00:03:18.072Z
@13ONYOURSIDE,OYeDtgl2D74,Woman sentenced for fiery US 131 crash from last year,https://www.youtube.com/watch?v=OYeDtgl2D74,691,2025-01-10T23:01:20.200Z
@WFRVLocal5,a-fwoLXf6LU,Oconto County Sheriff's Office identifies victim from deadly USH 141 crash,https://www.youtube.com/watch?v=a-fwoLXf6LU,43,2025-01-10T23:01:06.313Z
@WFRVLocal5,104IdHAjA7U,Ribbon-cutting held for Green Bay Broadway District's two newest businesses,https://www.youtube.com/watch?v=104IdHAjA7U,24,2025-01-10T23:01:06.313Z
11Alive,uC7gVYRNqNA,Winter weather in Atlanta | A live look at the roads in Fulton County,https://www.youtube.com/watch?v=uC7gVYRNqNA,455,2025-01-10T23:00:22.935Z
11Alive,JwNqABZuQ7o,Tracking winter weather | Live road conditions on I-85 north,https://www.youtube.com/watch?v=JwNqABZuQ7o,144,2025-01-10T23:00:22.934Z
11Alive,DJIY9SqHJaw,Tracking winter weather | A live look at secondary road conditions,https://www.youtube.com/watch?v=DJIY9SqHJaw,185,2025-01-10T23:00:22.934Z
11Alive,q-m0cRmGx8A,Winter weather in Atlanta | A live look at Road conditions on I-85,https://www.youtube.com/watch?v=q-m0cRmGx8A,579,2025-01-10T22:05:13.775Z
@13ONYOURSIDE,_nUAP8SFVcE,Firefighter recounts crash on I-94,https://www.youtube.com/watch?v=_nUAP8SFVcE,325,2025-01-10T22:01:05.034Z
11Alive,g_kOIM6P-Z8,"Atlanta winter weather traffic | Hazardous conditions on I-75, 285, Stone Mountain Freeway",https://www.youtube.com/watch?v=g_kOIM6P-Z8,301,2025-01-10T20:03:49.276Z
11Alive,1PSotZFwU3c,Winter weather traffic conditions | I-75 at West Paces blocked for almost 3 hours,https://www.youtube.com/watch?v=1PSotZFwU3c,176,2025-01-10T20:03:49.276Z
11Alive,AOw0-OMumXw,Winter storm in Georgia | Live road conditions in Clayton County,https://www.youtube.com/watch?v=AOw0-OMumXw,3188,2025-01-10T20:03:49.275Z
11Alive,j8Kc4c4JB5o,Winter storm in Atlanta | I-75 Southbound stopped at Delk Road,https://www.youtube.com/watch?v=j8Kc4c4JB5o,334,2025-01-10T20:03:49.275Z
11Alive,s5_8p7SpL_Y,"Live look at traffic: ""It's bad everywhere""",https://www.youtube.com/watch?v=s5_8p7SpL_Y,90,2025-01-10T19:03:47.550Z
11Alive,MvLBR2Zqjy0,Live: Traffic conditions,https://www.youtube.com/watch?v=MvLBR2Zqjy0,207,2025-01-10T19:03:47.550Z
11Alive,F2Crw_TwDqI,Live: Road conditions around the metro,https://www.youtube.com/watch?v=F2Crw_TwDqI,66,2025-01-10T19:03:47.550Z
11Alive,PaB5V_6ut_k,Live road conditions,https://www.youtube.com/watch?v=PaB5V_6ut_k,271,2025-01-10T19:03:47.550Z
11Alive,z5CBuWCmdOo,People urged to stay off-roads as heavy snowfall comes down in Midtown Atlanta,https://www.youtube.com/watch?v=z5CBuWCmdOo,453,2025-01-10T17:04:41.270Z
11Alive,Eu3aUVSud5I,Weather Impact: Flight delays and cancellations at the world's busiest airport,https://www.youtube.com/watch?v=Eu3aUVSud5I,725,2025-01-10T17:04:41.270Z
11Alive,8Iw4695U8e8,Crashes in metro Atlanta as snow covers highways on Friday,https://www.youtube.com/watch?v=8Iw4695U8e8,2306,2025-01-10T17:04:41.270Z
11Alive,f0t_Vo034bU,Snowy conditions creating dangerous conditions on roadways,https://www.youtube.com/watch?v=f0t_Vo034bU,470,2025-01-10T17:04:41.270Z
@6abcActionNews,dgjC2t5kDjU,Philly construction workers get drawn as cartoons in children’s activity book,https://www.youtube.com/watch?v=dgjC2t5kDjU,110,2025-01-10T17:03:36.078Z
11Alive,0LGex2gzOnU,"Snow, sleet and freezing rain expected Friday in north Georgia; latest updates on forecast, roads an",https://www.youtube.com/watch?v=0LGex2gzOnU,9766,2025-01-10T16:02:55.250Z
11Alive,pKvcDY5eo-Q,Busy road in Buckhead flooded before winter storm hits,https://www.youtube.com/watch?v=pKvcDY5eo-Q,1312,2025-01-10T15:02:31.276Z
11Alive,9RSfodePORw,Flooding on busy Buckhead road causes concern ahead of winter weather,https://www.youtube.com/watch?v=9RSfodePORw,1259,2025-01-10T15:02:31.276Z
@WPLGLocal10,liHikfh6qBs,Pedestrian hurt in Davie crash,https://www.youtube.com/watch?v=liHikfh6qBs,521,2025-01-10T13:00:40.234Z
@13ONYOURSIDE,NmoljLInW7M,"DASH CAM | Troopers jump barrier before semi slides into crash scene, hits patrol vehicles",https://www.youtube.com/watch?v=NmoljLInW7M,6823,2025-01-10T12:03:23.443Z
@WPLGLocal10,yfFmniPKIMM,"1 killed, 1 injured in wrong-way crash on Florida’s Turnpike",https://www.youtube.com/watch?v=yfFmniPKIMM,5087,2025-01-10T12:01:25.057Z
11Alive,sxBHV0HDQ2Q,"Metro Atlanta crews prep roads ahead of snow, ice",https://www.youtube.com/watch?v=sxBHV0HDQ2Q,2446,2025-01-10T11:03:48.272Z
@13ONYOURSIDE,jTlbu8mOnJ4,A look at road conditions in Ottawa Co. as lake-effect snow begins,https://www.youtube.com/watch?v=jTlbu8mOnJ4,99,2025-01-10T11:02:40.418Z
@13ONYOURSIDE,tmW7SzWjonU,Troopers jump highway barrier as semi slides into crash site,https://www.youtube.com/watch?v=tmW7SzWjonU,4807,2025-01-10T04:03:21.330Z
@WRAL5,RRYT8ExfeyI,"NCDOT preparing roads ahead of snow, sleet expected on Friday",https://www.youtube.com/watch?v=RRYT8ExfeyI,3157,2025-01-10T04:02:24.102Z
@WPLGLocal10,kVF_vm_x-Pk,Video captures car crashing into tea shop in Houston,https://www.youtube.com/watch?v=kVF_vm_x-Pk,206,2025-01-10T04:01:40.736Z
@wxyztvdetroit,w4hC_x8eMP0,Fan pushing to rename road for Dan Campbell,https://www.youtube.com/watch?v=w4hC_x8eMP0,844,2025-01-10T02:02:52.522Z
@ABC11WTVD,sZwR9oXnLfM,Granville County Schools close due to icy road conditions: Raw Video,https://www.youtube.com/watch?v=sZwR9oXnLfM,148,2025-01-10T01:04:21.981Z
@6abcActionNews,2kHjm1Ygie8,Injuries reported after multi-vehicle crash in King of Prussia; 2 cars and SEPTA bus involved,https://www.youtube.com/watch?v=2kHjm1Ygie8,693,2025-01-09T23:01:53.919Z
@WPLGLocal10,os8M_V901UE,Miami-Dade Sheriff's Office motorman hospitalized after crash in southwest Miami-Dade,https://www.youtube.com/watch?v=os8M_V901UE,1442,2025-01-09T23:01:05.340Z
@WPLGLocal10,a5tBCW_20Qo,Family desperate for answers after death of road ranger on I-95,https://www.youtube.com/watch?v=a5tBCW_20Qo,955,2025-01-09T22:04:06.601Z
@WRAL5,4gW4AcFVR3w,NCDOT talks road prep for winter storm,https://www.youtube.com/watch?v=4gW4AcFVR3w,225,2025-01-09T22:02:37.653Z
@WPLGLocal10,cyRDNiLbB7I,Miami-Dade Sheriff's motorman injured in crash,https://www.youtube.com/watch?v=cyRDNiLbB7I,999,2025-01-09T21:04:39.438Z
@WPLGLocal10,ArWSEwBw8UY,Miami-Dade deputy hurt in motorcycle crash,https://www.youtube.com/watch?v=ArWSEwBw8UY,1199,2025-01-09T17:01:20.997Z
11Alive,ZPD56RRM-Oc,"Burton Road fire leaves 4 people evaluated for burns, smoke inhalation",https://www.youtube.com/watch?v=ZPD56RRM-Oc,273,2025-01-09T17:01:02.911Z
11Alive,GqaPszHBlis,Fire on Burton Road NW leaves four needing medical assistance,https://www.youtube.com/watch?v=GqaPszHBlis,111,2025-01-09T17:01:02.911Z
11Alive,Cn_vhVSer94,2025 AJC Peachtree Road Race T-shirt design contest now open,https://www.youtube.com/watch?v=Cn_vhVSer94,392,2025-01-09T16:05:16.257Z
@WRAL5,3bWlGBJtTnM,Fire truck involved in crash in Knightdale,https://www.youtube.com/watch?v=3bWlGBJtTnM,353,2025-01-09T16:00:29.868Z
11Alive,PMgQa1vw0io,"Crews about to treat metro Atlanta, north Georgia roads",https://www.youtube.com/watch?v=PMgQa1vw0io,1308,2025-01-09T15:03:17.682Z
@ABC11WTVD,FkQ2dS3mDgw,Driver charged in deadly Johnston County wrong-way crash,https://www.youtube.com/watch?v=FkQ2dS3mDgw,149,2025-01-09T13:02:07.331Z
11Alive,-K1ITHG9lzM,"GDOT preps roads for snow, ice | How brine works",https://www.youtube.com/watch?v=-K1ITHG9lzM,351,2025-01-09T12:01:09.794Z
@6abcActionNews,IemCVF1SmUc,Dashcam video captures driver try to ram car off bridge in road-rage incident,https://www.youtube.com/watch?v=IemCVF1SmUc,1005,2025-01-09T12:00:25.345Z
11Alive,lUOlEIWd1j0,2025 AJC Peachtree Road Race T-shirt design contest now open,https://www.youtube.com/watch?v=lUOlEIWd1j0,215,2025-01-09T10:03:16.355Z
@WRAL5,cK8clUQEEg4,"Residents prepare for wintry mix, icy roads coming with weekend flurries",https://www.youtube.com/watch?v=cK8clUQEEg4,172,2025-01-09T10:00:37.576Z
@ABC11WTVD,vPbF1CgTRi0,Man arrested in connection with fatal crash in December,https://www.youtube.com/watch?v=vPbF1CgTRi0,285,2025-01-09T04:03:19.756Z
@wxyztvdetroit,6qBcLnwn3Dc,Crash concerns in Rose Township,https://www.youtube.com/watch?v=6qBcLnwn3Dc,1347,2025-01-09T04:02:04.240Z
11Alive,K-tWr1M2p_I,Here's how GDOT is preparing roads ahead of winter storm threat,https://www.youtube.com/watch?v=K-tWr1M2p_I,232,2025-01-09T04:01:02.051Z
@WRAL5,djG-e0gVIGY,Argument and crash sends three Carrboro-Chapel Hill schools into lockdown,https://www.youtube.com/watch?v=djG-e0gVIGY,193,2025-01-09T02:05:05.426Z
@WFRVLocal5,2MteEQhp1SY,"One dead, two injured after crash in Town of Brillion",https://www.youtube.com/watch?v=2MteEQhp1SY,32,2025-01-09T00:01:00.146Z
@6abcActionNews,yyj3izQlKOQ,Family of Uber passenger killed in New Year's Eve crash pushing for answers,https://www.youtube.com/watch?v=yyj3izQlKOQ,5166,2025-01-08T23:04:52.900Z
@6abcActionNews,sVnsiIoMBOU,Part of road collapses into sinkhole moments after SEPTA bus passes by in Hunting Park,https://www.youtube.com/watch?v=sVnsiIoMBOU,1705,2025-01-08T23:04:52.900Z
@WFRVLocal5,sbabC4D0EcE,22-year-old man identified as victim of fatal car crash in Neenah,https://www.youtube.com/watch?v=sbabC4D0EcE,116,2025-01-08T23:01:40.309Z
@WFRVLocal5,SJVh8ibhlNQ,22-year-old man identified as victim of fatal car crash in Neenah,https://www.youtube.com/watch?v=SJVh8ibhlNQ,99,2025-01-08T23:01:40.309Z
@WFRVLocal5,J7PN59Kgk_g,"Green Bay man dead, two others injured following head-on crash in Calumet County",https://www.youtube.com/watch?v=J7PN59Kgk_g,65,2025-01-08T23:01:40.309Z
11Alive,rJ-a86yUIb4,GDOT preps roads for winter weather in north Georgia,https://www.youtube.com/watch?v=rJ-a86yUIb4,167,2025-01-08T23:01:17.502Z
@wxyztvdetroit,SKteC9E9od0,"Human remains found by construction workers outside Detroit home, police say",https://www.youtube.com/watch?v=SKteC9E9od0,1488,2025-01-08T22:04:34.968Z
@News4JAX,bA4fm3-7k8s,Father who lost son to distracted driving on a mission to make Florida’s roads safer,https://www.youtube.com/watch?v=bA4fm3-7k8s,135,2025-01-08T22:04:03.172Z
@WFRVLocal5,hNzVUSloHIc,Baby saved from car crash victim's smoke-filled apartment in Neenah,https://www.youtube.com/watch?v=hNzVUSloHIc,51,2025-01-08T22:00:24.504Z
@WFRVLocal5,4iDhhw_4P1Q,"Manitowoc Police Department’s 2024 Winter Drive Sober Campaign reults in 301 traffic stops, 62 citat",https://www.youtube.com/watch?v=4iDhhw_4P1Q,39,2025-01-08T22:00:24.504Z
@WFRVLocal5,7_T5Px5wGgA,Baby saved from car crash victim's smoke-filled apartment in Neenah,https://www.youtube.com/watch?v=7_T5Px5wGgA,55,2025-01-08T22:00:24.504Z
@6abcActionNews,9sOzQf49BQc,Driver accused in DUI crash that killed Gaudreau brothers rejects plea deal,https://www.youtube.com/watch?v=9sOzQf49BQc,712,2025-01-08T17:04:37.233Z
11Alive,zoFnqvnSMWs,Brine being put out on Georgia roads ahead of possible snow,https://www.youtube.com/watch?v=zoFnqvnSMWs,426,2025-01-08T17:03:48.825Z
11Alive,M_krGqFfQhA,"GDOT preparing roads with brine ahead of possible snow in metro Atlanta, north Georgia",https://www.youtube.com/watch?v=M_krGqFfQhA,541,2025-01-08T16:02:03.952Z
@ABC13Houston,7JSBnANm29g,"3 teens dead, 3 hurt after crashing during brief chase, deputies say",https://www.youtube.com/watch?v=7JSBnANm29g,3332,2025-01-08T14:00:25.407Z
@13ONYOURSIDE,l-E-DfTCiQA,Community comes together to host fundraiser for boy killed in ATV accident,https://www.youtube.com/watch?v=l-E-DfTCiQA,177,2025-01-08T12:01:03.069Z
@WFRVLocal5,bIPL4QOlJYg,"Man in Neenah dies after crashing into a tree, 1-year-old found in 'smoke-filled' apartment",https://www.youtube.com/watch?v=bIPL4QOlJYg,68,2025-01-08T01:00:23.701Z
@6abcActionNews,eXh07NX1c8A,Winter storm forces hundreds of flight cancellations and delays,https://www.youtube.com/watch?v=eXh07NX1c8A,1158,2025-01-07T23:04:59.351Z
@wxyztvdetroit,S9maqgg-7XQ,Multi-vehicle crash closes M-8 at Joseph Campau,https://www.youtube.com/watch?v=S9maqgg-7XQ,3040,2025-01-07T23:02:49.832Z
@WFRVLocal5,5kZ2V6lQNuk,"One dead after crash in Oconto County, 1-year-old hospitalized",https://www.youtube.com/watch?v=5kZ2V6lQNuk,52,2025-01-07T23:00:42.784Z
@wxyztvdetroit,DWaRbmkjugQ,WATCH: DPD holds press conference after officer killed in off-duty crash,https://www.youtube.com/watch?v=DWaRbmkjugQ,12142,2025-01-07T17:01:05.412Z
abc15,rEJ6suhZJZ0,Phoenix police investigating deadly shootings near 27th Avenue and Indian School Road,https://www.youtube.com/watch?v=rEJ6suhZJZ0,1891,2025-01-07T17:00:44.551Z
@wxyztvdetroit,Tdnc5RLffxo,INTERVIEW: Family speaks after DPD officer dies in off-duty hit-and-run crash,https://www.youtube.com/watch?v=Tdnc5RLffxo,7890,2025-01-07T16:00:28.924Z
@ABC13Houston,EFrfDgystvs,"3 teens dead, 3 hurt after crashing during brief chase, deputies say",https://www.youtube.com/watch?v=EFrfDgystvs,4776,2025-01-07T15:01:46.307Z
@WRAL5,_Xsm7GhayT4,"North Carolina Weather: 71 Delays, 32 Cancellations at RDU; Wet Roads & Wintery Mix",https://www.youtube.com/watch?v=_Xsm7GhayT4,768,2025-01-07T14:03:14.959Z
@WRAL5,wNfmc8fA9n4,WRAL Storm Tracker: Take a look at road conditions in the Triangle Monday morning,https://www.youtube.com/watch?v=wNfmc8fA9n4,27,2025-01-07T12:03:11.321Z
11Alive,RN6coNfqitc,"People bracing for winter weather delays, cancellations at Atlanta airport",https://www.youtube.com/watch?v=RN6coNfqitc,206,2025-01-07T11:02:47.822Z
@WRAL5,tdYuJ4fLsxY,Car crashes on Wesleyan Road near Roxboro Monday morning,https://www.youtube.com/watch?v=tdYuJ4fLsxY,17,2025-01-07T09:01:18.188Z
11Alive,MoSKxoqmJLA,"1 dead, 2 injured in crash in northwest Atlanta",https://www.youtube.com/watch?v=MoSKxoqmJLA,1242,2025-01-07T04:02:26.825Z
@WRAL5,ZUdaGcBTir0,"Fire leaves 3 hospitalized, house destroyed near Murchison Road in Cumberland County",https://www.youtube.com/watch?v=ZUdaGcBTir0,17,2025-01-07T04:00:23.221Z
@WRAL5,1Hw1OzhtiiI,Man dies after Fayetteville crash submerges car in water,https://www.youtube.com/watch?v=1Hw1OzhtiiI,34,2025-01-07T02:00:29.139Z
abc15,7Mfc8z1OCvg,Pedestrians frustrated by frequent crashes near Cave Creek and Greenway roads,https://www.youtube.com/watch?v=7Mfc8z1OCvg,1119,2025-01-06T23:04:40.888Z
@News4JAX,z1jqOn6QOt4,JSO expanding traffic unit in hopes of cracking down further on illegal street racing,https://www.youtube.com/watch?v=z1jqOn6QOt4,1957,2025-01-06T23:03:39.906Z
@13ONYOURSIDE,f-hGn5lStTU,Taking a look at current West Michigan road conditions,https://www.youtube.com/watch?v=f-hGn5lStTU,449,2025-01-06T22:01:41.026Z
@13ONYOURSIDE,K77Zk32oS6o,13 Help Team helps get viewer couch after delays in delivery,https://www.youtube.com/watch?v=K77Zk32oS6o,230,2025-01-06T22:01:41.026Z
@WPLGLocal10,Lz7vxmSlNyE,Police investigating crash that left 3 hurt in Miami's Allapattah area,https://www.youtube.com/watch?v=Lz7vxmSlNyE,1760,2025-01-06T22:01:02.818Z
@WPLGLocal10,GDlCID3UtVY,Chief suspends several firefighters following crash with Brightline train,https://www.youtube.com/watch?v=GDlCID3UtVY,126978,2025-01-06T21:00:38.943Z
@WFRVLocal5,A_ddnaWLeWY,Fond du Lac County man found guilty in Verizon Store crash that injured multiple people,https://www.youtube.com/watch?v=A_ddnaWLeWY,60,2025-01-06T18:02:27.854Z
@13ONYOURSIDE,lsc63NkJySs,Neighbor recalls 'chaos' after police chase ends in fiery car crash,https://www.youtube.com/watch?v=lsc63NkJySs,1373,2025-01-06T15:03:52.483Z
@WRAL5,bSq0Q6mP_Ds,Sheriff's office: Woman killed during accidental shooting inside Moore Co. home,https://www.youtube.com/watch?v=bSq0Q6mP_Ds,228,2025-01-06T14:01:45.955Z
@News4JAX,WgJBOMbdlbk,San Pablo Road revamp finally finished after nearly 2 years of traffic headaches,https://www.youtube.com/watch?v=WgJBOMbdlbk,691,2025-01-06T12:03:37.025Z
abc15,_EOpsoQBrMk,Here's what lawyers say you should do after getting in a car crash,https://www.youtube.com/watch?v=_EOpsoQBrMk,2098,2025-01-06T12:03:25.503Z
@6abcActionNews,njfGCuYoM0w,"2 killed, 18 injured after small plane crashes through roof of Fullerton, CA building",https://www.youtube.com/watch?v=njfGCuYoM0w,6938,2025-01-06T11:00:26.226Z
@13ONYOURSIDE,Daco0ItGIas,"Car fleeing deputies crashes into other vehicle, catches fire",https://www.youtube.com/watch?v=Daco0ItGIas,563,2025-01-06T00:04:06.256Z
@fox5atlanta,KL15X70yNFA,$1.5M settlement in deadly  UGA crash | FOX 5 News,https://www.youtube.com/watch?v=KL15X70yNFA,166,2025-01-04T21:01:13.302Z
11Alive,IrNs3uYAq9A,"Jimmy Carter's motorcade on Highway 280, heading to Plains",https://www.youtube.com/watch?v=IrNs3uYAq9A,6971,2025-01-04T21:00:41.287Z
@fox5atlanta,UaI-d7IQl14,Deadly wrong-way crashes increasing in metro Atlanta | FOX 5 News,https://www.youtube.com/watch?v=UaI-d7IQl14,2356,2025-01-04T19:01:43.750Z
@WPLGLocal10,djZ7jE3CzS8,"Video captures small plane crashing into roof of Southern California factory, killing 2 people",https://www.youtube.com/watch?v=djZ7jE3CzS8,1662,2025-01-04T16:04:27.229Z
11Alive,1KIVQ7Uf-7s,Suspect crashes into Men's Warehouse at end of chase in Douglasville,https://www.youtube.com/watch?v=1KIVQ7Uf-7s,1795,2025-01-04T16:04:05.030Z
@WPLGLocal10,gWdPOH5HEvI,Family grieving after road ranger killed in New Year's Day crash,https://www.youtube.com/watch?v=gWdPOH5HEvI,725,2025-01-04T04:01:55.745Z
@WRAL5,UEMAqEtoN78,"Three people hurt, including child, in crash along Tarboro Street in Raleigh",https://www.youtube.com/watch?v=UEMAqEtoN78,36,2025-01-04T02:00:28.216Z
@ABC11WTVD,pYbmR6rVfwM,Duke hospital works to reopen ambulance traffic soon after ED flooding,https://www.youtube.com/watch?v=pYbmR6rVfwM,555,2025-01-04T01:04:59.136Z
@WPLGLocal10,hy4UEo_5bu0,Family mourns fallen road ranger,https://www.youtube.com/watch?v=hy4UEo_5bu0,334,2025-01-03T23:01:31.818Z
@WRAL5,NET2-kD7ZDQ,Three people hurt in shooting on Guess Road in Durham,https://www.youtube.com/watch?v=NET2-kD7ZDQ,96,2025-01-03T14:04:38.124Z
@WPLGLocal10,aMHVaELixP4,Road ranger's family mourns his on-duty death on I-95,https://www.youtube.com/watch?v=aMHVaELixP4,429,2025-01-03T13:05:19.635Z
@WFRVLocal5,4Qv4inpFqMs,Brewers reach deal with FanDuel Sports Network for broadcasting in 2025,https://www.youtube.com/watch?v=4Qv4inpFqMs,66,2025-01-03T12:04:42.912Z
@WRAL5,5NJlGTGHggw,Car crashes into home during apparent street racing,https://www.youtube.com/watch?v=5NJlGTGHggw,113,2025-01-03T12:01:18.025Z
11Alive,WUGb6Fxbn0w,DeKalb PD receives grant to make roads safer,https://www.youtube.com/watch?v=WUGb6Fxbn0w,888,2025-01-03T12:00:28.144Z
@WFRVLocal5,KIx2DA2v6-c,I-41 blocked by a crash and a fire New Year's morning,https://www.youtube.com/watch?v=KIx2DA2v6-c,131,2025-01-03T11:03:11.707Z
abc15,N6CTMnSo_uw,WB I-10 reopens near 67th Avenue after rollover crash early Wednesday morning,https://www.youtube.com/watch?v=N6CTMnSo_uw,805,2025-01-03T05:05:04.841Z
@WPLGLocal10,d2TOTx2njlA,Road ranger killed in multi-vehicle crash on I-95 near Hollywood Boulevard exit,https://www.youtube.com/watch?v=d2TOTx2njlA,4007,2025-01-02T23:04:35.707Z
abc15,2Aabc2qdpuY,"Man, juvenile injured in shooting near I-10 and Queen Creek Road",https://www.youtube.com/watch?v=2Aabc2qdpuY,659,2025-01-02T23:01:40.244Z
@wxyztvdetroit,szHJ_RkvzHk,Staying safe on the roads on New Year's Eve,https://www.youtube.com/watch?v=szHJ_RkvzHk,259,2025-01-02T22:03:20.241Z
@13ONYOURSIDE,lYT2CjRokZk,NB US-131 reopened near Dorr following semi-truck crash into 144th Avenue bridge,https://www.youtube.com/watch?v=lYT2CjRokZk,815,2025-01-02T22:00:27.128Z
@WRAL5,BjmV3iwLRaU,Arrest made in I-540 wrong-way crash,https://www.youtube.com/watch?v=BjmV3iwLRaU,21,2025-01-02T20:00:44.409Z
@WRAL5,uI3IwIPcDCQ,Cooper commutes 15 death row inmates' sentences on last day as governor,https://www.youtube.com/watch?v=uI3IwIPcDCQ,345,2025-01-02T19:02:38.390Z
@WRAL5,-0Zd1OaftS0,1 dead from Johnston County ATV crash,https://www.youtube.com/watch?v=-0Zd1OaftS0,129,2025-01-02T19:02:38.390Z
@WRAL5,WuiPThuX4oE,"Durham road closed after fatal crash, power lines fall",https://www.youtube.com/watch?v=WuiPThuX4oE,139,2025-01-02T19:02:38.390Z
@WPLGLocal10,yh2uDrTQYEM,Road ranger killed in early morning crash along I-95 in Hollywood,https://www.youtube.com/watch?v=yh2uDrTQYEM,8069,2025-01-02T19:01:46.536Z
@ABC11WTVD,QN-Jhc9m5os,Search for answers after 179 killed in South Korea plane crash,https://www.youtube.com/watch?v=QN-Jhc9m5os,2749,2025-01-02T18:04:54.743Z
@News4JAX,BF4QscQbNCY,New Year's Road Safety: Travel safety a main focus as we head into 2025,https://www.youtube.com/watch?v=BF4QscQbNCY,170,2025-01-02T17:03:25.278Z
@WPLGLocal10,utqiYkmFxjo,Southbound lanes of Interstate 95 at Pembroke Road shut down following crash,https://www.youtube.com/watch?v=utqiYkmFxjo,1220,2025-01-02T17:01:55.133Z
@13ONYOURSIDE,1B4hcmBoeZQ,Investigation launched after Vicksburg pilot crashes plane near Cincinnati,https://www.youtube.com/watch?v=1B4hcmBoeZQ,211,2025-01-02T17:01:35.269Z
@ABC11WTVD,5Mao3Zx-B9w,Holiday travel: what to expect after storms cause flight delays,https://www.youtube.com/watch?v=5Mao3Zx-B9w,105,2025-01-02T17:00:46.028Z
@WRAL5,m413WMoBl2k,One person killed in single-vehicle crash; Driver arrested for DWI in Durham,https://www.youtube.com/watch?v=m413WMoBl2k,57,2025-01-02T15:00:28.543Z
@WRAL5,BNSGHCdErUw,One man killed in overnight crash; Driver arrested for DWI in Durham,https://www.youtube.com/watch?v=BNSGHCdErUw,803,2025-01-02T15:00:28.543Z
@News4JAX,trlKvEkpfi8,Man shot during possible argument dies after crashing into Durkeeville home,https://www.youtube.com/watch?v=trlKvEkpfi8,4013,2025-01-02T14:05:00.829Z
@WRAL5,b-p2FzabkCc,Sky 5 flies over crash on I-40 near Fayetteville Road in Durham,https://www.youtube.com/watch?v=b-p2FzabkCc,199,2025-01-02T14:01:52.932Z
@ABC11WTVD,v15KPMXftyU,"179 dead, 2 rescued after plane crashes while landing in South Korea",https://www.youtube.com/watch?v=v15KPMXftyU,4050,2025-01-02T14:01:02.530Z
@wxyztvdetroit,xTwFh-75F3Q,Slick roads for New Year's Eve?,https://www.youtube.com/watch?v=xTwFh-75F3Q,882,2025-01-02T13:02:49.009Z
@13ONYOURSIDE,8EKge-Jsyy8,144th Avenue Bridge 'compromised' following multi-vehicle crash on NB US-131,https://www.youtube.com/watch?v=8EKge-Jsyy8,6246,2025-01-02T12:01:44.124Z
@wxyztvdetroit,MNCsciaBg-k,Lincoln Park family describes attempted abduction in broad daylight,https://www.youtube.com/watch?v=MNCsciaBg-k,3628,2025-01-02T04:03:24.623Z
@WRAL5,TJuZJjUA7Ec,2 killed in Carrboro after hit-and-run crash,https://www.youtube.com/watch?v=TJuZJjUA7Ec,81,2025-01-02T00:04:54.846Z
@ABC11WTVD,ZoREnhksDLs,Putin apologizes to Azerbaijani leader after deadly plane crash,https://www.youtube.com/watch?v=ZoREnhksDLs,161751,2025-01-01T23:01:14.842Z
@WFRVLocal5,pkp8QewpIrY,26-year-old suffers life-threatening injuries in crash,https://www.youtube.com/watch?v=pkp8QewpIrY,19,2025-01-01T22:02:50.316Z
@6abcActionNews,uvISlXl8weg,Video shows plane crash in South Korea that left 179 people dead,https://www.youtube.com/watch?v=uvISlXl8weg,25330,2025-01-01T04:02:22.924Z
@WPLGLocal10,yX1SDUbbLkU,Mourners gather after at least 179 killed in deadly plane crash in South Korea,https://www.youtube.com/watch?v=yX1SDUbbLkU,1955,2025-01-01T03:03:35.958Z
abc15,DxWpxbDgghk,Some experiencing delays during holiday travel at Phoenix Sky Harbor,https://www.youtube.com/watch?v=DxWpxbDgghk,568,2025-01-01T00:03:03.328Z
@6abcActionNews,39ws2QVwanI,Philadelphia Mummers Parade: What you need to know about road closures ahead on New Year's Day event,https://www.youtube.com/watch?v=39ws2QVwanI,892,2024-12-31T18:04:12.040Z
@WFRVLocal5,_xQbZADTXNE,Paper Valley Model Railroad Club holds open house to celebrate railroads and share rich history with,https://www.youtube.com/watch?v=_xQbZADTXNE,138,2024-12-31T18:01:29.548Z
@ABC11WTVD,qMGsvTi0KjQ,Holiday travel surge: 3.5 million North Carolinians expected to hit the roads and skies,https://www.youtube.com/watch?v=qMGsvTi0KjQ,91,2024-12-31T17:04:19.371Z
@WPLGLocal10,PL4jg7PIhAk,15 injured after Brightline train crashes into fire truck in Delray Beach,https://www.youtube.com/watch?v=PL4jg7PIhAk,13908,2024-12-31T17:04:03.839Z
@ABC13Houston,vt1QgFzEfVs,Most drivers report smooth sailing on Houston roads on Christmas Eve,https://www.youtube.com/watch?v=vt1QgFzEfVs,873,2024-12-31T17:01:32.593Z
@ABC13Houston,Fw2rc4zQKaQ,2 roadways in Katy-area among most congested in Texas,https://www.youtube.com/watch?v=Fw2rc4zQKaQ,2523,2024-12-31T11:03:43.539Z
@6abcActionNews,8JlPu6mNZEs,"179 dead, 2 rescued after plane crashes while landing in South Korea",https://www.youtube.com/watch?v=8JlPu6mNZEs,2764,2024-12-31T04:03:15.579Z
@6abcActionNews,2EG7Z2NNL-M,"Survivors of Azerbaijan plane crash report hearing bangs, explosions during flight",https://www.youtube.com/watch?v=2EG7Z2NNL-M,13808,2024-12-31T00:03:19.334Z
@13ONYOURSIDE,wpLVGOl1E-w,Former Central Michigan QB Tommy Lazzaro dies at 27 in hunting accident,https://www.youtube.com/watch?v=wpLVGOl1E-w,1269,2024-12-31T00:02:52.415Z
@WFRVLocal5,aX5WsNr2OzQ,"Neighbors recall Christmas morning car crash, foot chase in FDL neighborhood",https://www.youtube.com/watch?v=aX5WsNr2OzQ,86,2024-12-30T23:05:03.049Z
@WFRVLocal5,OZxCAD7wCP4,"Neighbors recall Christmas morning car crash, foot chase in FDL neighborhood",https://www.youtube.com/watch?v=OZxCAD7wCP4,41,2024-12-30T23:05:03.049Z
@WPLGLocal10,f-cCpgf-irQ,"Flight delays affect travelers at MIA, FLL",https://www.youtube.com/watch?v=f-cCpgf-irQ,7350,2024-12-30T23:04:07.978Z
@wxyztvdetroit,9yDCOsh4soo,"One killed, three injured in head on crash in Oakland Township",https://www.youtube.com/watch?v=9yDCOsh4soo,14423,2024-12-30T22:05:07.079Z
@wxyztvdetroit,qW5iQtJeVMY,"One killed, three injured in head-on crash in northern Oakland County",https://www.youtube.com/watch?v=qW5iQtJeVMY,2971,2024-12-30T22:05:07.079Z
@WFRVLocal5,UE6lYRwkCyw,Ice on U.S. Highway 41/141 in Oconto County causing hazardous travel conditions,https://www.youtube.com/watch?v=UE6lYRwkCyw,54,2024-12-30T22:03:57.071Z
@13ONYOURSIDE,skSMG9Q6qgU,Former Central Michigan QB dies in hunting accident,https://www.youtube.com/watch?v=skSMG9Q6qgU,1405,2024-12-30T22:00:27.607Z
@ABC11WTVD,dzarc2QltGU,Dozens dead as passenger plane crashes in Kazakhstan,https://www.youtube.com/watch?v=dzarc2QltGU,7664,2024-12-30T18:04:49.662Z
@WFRVLocal5,Po0WkgZBAtM,"25-year-old dead following rollover crash in Marinette County, speed and alcohol aparant factors",https://www.youtube.com/watch?v=Po0WkgZBAtM,47,2024-12-30T18:01:51.508Z
@WFRVLocal5,0Eas01Wdy4Y,"One man dead, a child injured following crash in Oconto County",https://www.youtube.com/watch?v=0Eas01Wdy4Y,89,2024-12-30T18:01:51.508Z
@wxyztvdetroit,ij5BZ2dSLTY,Video shows aftermath of head-on crash in Oakland Township,https://www.youtube.com/watch?v=ij5BZ2dSLTY,1118,2024-12-30T17:01:24.760Z
@ABC13Houston,CFd6HVx5DI4,"TxDOT buys back SH-288 toll road, and drivers want to know when toll prices will drop",https://www.youtube.com/watch?v=CFd6HVx5DI4,16618,2024-12-30T14:02:38.304Z
@ABC13Houston,4zZMlMlONqg,"2 men killed after car flipped and slammed into tree in violent River Oaks crash, HPD says",https://www.youtube.com/watch?v=4zZMlMlONqg,4240,2024-12-30T13:03:32.350Z
@6abcActionNews,m1uZkmLHic8,Russian anti-aircraft system may have struck Azerbaijan plane that crashed: US official,https://www.youtube.com/watch?v=m1uZkmLHic8,77802,2024-12-30T11:01:40.558Z
@ABC11WTVD,gZbYb86mzBw,Millions on the road during holiday season,https://www.youtube.com/watch?v=gZbYb86mzBw,182,2024-12-30T04:01:28.630Z
11Alive,LyR_MbRtL3E,Aftermath at scene of South Korea plane crash | Raw video,https://www.youtube.com/watch?v=LyR_MbRtL3E,57593,2024-12-30T01:03:13.792Z
11Alive,Z3MDgDWFk00,Crash shuts down all lanes of I-85 | Latest update,https://www.youtube.com/watch?v=Z3MDgDWFk00,5489,2024-12-30T01:03:13.792Z
11Alive,EF6f8raUFik,South Korea plane crash survivor arrives at hospital | Raw video,https://www.youtube.com/watch?v=EF6f8raUFik,50898,2024-12-30T01:03:13.792Z
11Alive,Q2mf9B1N2BA,100+ killed in South Korean plane crash,https://www.youtube.com/watch?v=Q2mf9B1N2BA,5953,2024-12-30T01:03:13.792Z
11Alive,a9aCzUckMC0,Death toll rises to 85 after plane crashes in South Korea,https://www.youtube.com/watch?v=a9aCzUckMC0,31920,2024-12-30T01:03:13.792Z
11Alive,pE_o4ENe6TI,South Korea plane crash update: Only 2 survivors reported,https://www.youtube.com/watch?v=pE_o4ENe6TI,5423,2024-12-30T01:03:13.792Z
@13ONYOURSIDE,nnML2S8IGdo,Holiday travelers facing delays and cancellations after American Airlines flights temporarily ground,https://www.youtube.com/watch?v=nnML2S8IGdo,263,2024-12-29T23:02:18.531Z
@WFRVLocal5,dHNVoZDishk,"25-year-old dead following rollover crash in Marinette County, speed and alcholol aparant factors",https://www.youtube.com/watch?v=dHNVoZDishk,89,2024-12-29T17:01:43.724Z
11Alive,AW8eX_4JKjQ,Deadly crash under investigation in Sandy Springs,https://www.youtube.com/watch?v=AW8eX_4JKjQ,1154,2024-12-29T14:04:01.433Z
@News4JAX,YqzRXwT5vIY,Hacks to help you avoid car cleaning mistakes after a road trip,https://www.youtube.com/watch?v=YqzRXwT5vIY,186,2024-12-29T14:03:46.422Z
11Alive,LhWx6sAhHwo,Georgia 400 south closes for hours after driver crashes into message board's structural beam,https://www.youtube.com/watch?v=LhWx6sAhHwo,1266,2024-12-29T10:02:33.912Z
11Alive,YRrRoFrYvtI,All lanes blocked on GA 400 following crash with serious injuries,https://www.youtube.com/watch?v=YRrRoFrYvtI,1375,2024-12-28T23:04:57.220Z
@fox5atlanta,Zf8p9lVRggQ,Kazakhstan plane crash: 28 survivors confirmed so far | FOX 5 News,https://www.youtube.com/watch?v=Zf8p9lVRggQ,8167,2024-12-28T23:00:24.556Z
@wxyztvdetroit,CBLyKM7JlSI,No salt? Sterling Heights takes new approach to preserve newer neighborhood roads,https://www.youtube.com/watch?v=CBLyKM7JlSI,21411,2024-12-28T16:00:26.811Z
11Alive,TfGxlxt1WkY,Kazakhstan plane crash | Survivors return home,https://www.youtube.com/watch?v=TfGxlxt1WkY,3406,2024-12-28T14:04:14.057Z
11Alive,Fw6t_qbUS00,Saying goodbye to 11Alive's Crash Clark after 11 years,https://www.youtube.com/watch?v=Fw6t_qbUS00,1062,2024-12-28T14:04:14.057Z
@6abcActionNews,cBHI0AQwUaw,Driver hospitalized after crash near high school in Lehigh Valley,https://www.youtube.com/watch?v=cBHI0AQwUaw,531,2024-12-28T04:02:52.924Z
@6abcActionNews,-JXkkOGWqT4,Dozens dead as passenger plane crashes in Kazakhstan,https://www.youtube.com/watch?v=-JXkkOGWqT4,677,2024-12-28T04:02:52.924Z
11Alive,9gYCZ117LME,38 killed in Kazakhstan plane crash | Latest details,https://www.youtube.com/watch?v=9gYCZ117LME,9203,2024-12-28T04:00:39.856Z
@WRAL5,B5OKIEMmklM,Crash takes out stoplights Capital Blvd.,https://www.youtube.com/watch?v=B5OKIEMmklM,156,2024-12-28T03:00:42.582Z
@WRAL5,rk2dbCAODjY,Chase involving kidnapping suspect one of three crashes on Christmas in NC,https://www.youtube.com/watch?v=rk2dbCAODjY,292,2024-12-28T03:00:42.582Z
@ABC11WTVD,YA4bdwG1y1I,Fenton shooting suspect claims it was accidental,https://www.youtube.com/watch?v=YA4bdwG1y1I,141,2024-12-28T02:01:00.531Z
@News4JAX,JXcS3A5RFp0,Avoiding delays on one of the busiest travel days of the season,https://www.youtube.com/watch?v=JXcS3A5RFp0,202,2024-12-27T22:02:44.081Z
@WPLGLocal10,AtPGTHMRRb4,Motorcyclist airlifted following US 1 crash in southwest Miami-Dade,https://www.youtube.com/watch?v=AtPGTHMRRb4,1465,2024-12-27T21:04:20.370Z
@ABC13Houston,xTxyF58PxUo,Union Pacific to limit train traffic near Milby HS after student hit and killed,https://www.youtube.com/watch?v=xTxyF58PxUo,1373,2024-12-27T21:00:57.860Z
@ABC13Houston,t6Q16VBLX7M,New multi-agency effort aims to make Highway 99 more safe for drivers,https://www.youtube.com/watch?v=t6Q16VBLX7M,1192,2024-12-27T19:05:11.752Z
@6abcActionNews,UfFz-ugXlYQ,Dozens dead as passenger plane crashes in Kazakhstan,https://www.youtube.com/watch?v=UfFz-ugXlYQ,151601,2024-12-27T16:01:15.775Z
@WFRVLocal5,vyj1lDEgg0M,Airboat crashed and partially sunk in Lake Butte des Morts,https://www.youtube.com/watch?v=vyj1lDEgg0M,67,2024-12-27T12:03:54.981Z
11Alive,Du5h_nBUK_8,Krelim warns of speculation in Kazakhstan plane crash,https://www.youtube.com/watch?v=Du5h_nBUK_8,59773,2024-12-27T11:04:37.030Z
@WFRVLocal5,_JH8HYuVP2c,"Airboat crashes into Lake Butte des Morts, passengers safely make it to shore",https://www.youtube.com/watch?v=_JH8HYuVP2c,40,2024-12-27T00:05:20.305Z
@WFRVLocal5,JBNqN23AxN8,Oshkosh man arrested for alleged string of construction site burglaries,https://www.youtube.com/watch?v=JBNqN23AxN8,43,2024-12-27T00:05:20.305Z
11Alive,5G7k_86LdyY,"Dozens survive fiery, fatal plane crash",https://www.youtube.com/watch?v=5G7k_86LdyY,21689,2024-12-26T23:05:27.036Z
@13ONYOURSIDE,4o6YJzj4G4U,"Woman dead, multiple people hurt in Newaygo County crash",https://www.youtube.com/watch?v=4o6YJzj4G4U,3873,2024-12-26T23:02:45.477Z
@WFRVLocal5,FNE2Sij8Gak,Driver killed in Waupaca County crash has been identified,https://www.youtube.com/watch?v=FNE2Sij8Gak,40,2024-12-26T22:01:57.628Z
@fox5atlanta,yghF3jqATjw,Woman killed in house after cooking accident | FOX 5 News,https://www.youtube.com/watch?v=yghF3jqATjw,621,2024-12-26T22:01:18.704Z
@fox5atlanta,AFmxrLoV85U,Biden commutes death row sentences | FOX 5 News,https://www.youtube.com/watch?v=AFmxrLoV85U,412,2024-12-26T22:01:18.704Z
@WFRVLocal5,UHXEJ8rBcAw,Winnebago County airboat crash,https://www.youtube.com/watch?v=UHXEJ8rBcAw,86,2024-12-26T18:02:07.312Z
@wxyztvdetroit,_IUCUssWHyQ,Travelers hitting airways and roadways to get to holiday destinations,https://www.youtube.com/watch?v=_IUCUssWHyQ,198,2024-12-26T16:05:20.871Z
@wxyztvdetroit,A2-PgJq6KyY,"Drivers brave slippery roads for last-minute holiday travel, shopping",https://www.youtube.com/watch?v=A2-PgJq6KyY,471,2024-12-26T15:04:11.207Z
@6abcActionNews,tlwMYS1xkao,"Biden commutes death sentence for Philadelphia drug lord who killed 12 people, including children",https://www.youtube.com/watch?v=tlwMYS1xkao,37834,2024-12-26T13:04:45.715Z
@News4JAX,K_9U2PPDXC8,JSO memo to officers after accidental shooting during traffic stop highlights gun safety practices,https://www.youtube.com/watch?v=K_9U2PPDXC8,1686,2024-12-26T13:04:06.028Z
@News4JAX,YP1pVt6hcB4,Mother of 14-year-old driver involved in rollover crash seeks help for teen’s medical expenses,https://www.youtube.com/watch?v=YP1pVt6hcB4,788,2024-12-26T13:04:06.028Z
@ABC11WTVD,e-7sC7Bea74,"16-year-old in critical condition, 6 others injured after stolen car crashes during Roxboro chase",https://www.youtube.com/watch?v=e-7sC7Bea74,2537,2024-12-26T13:00:25.316Z
@WFRVLocal5,VNbN8WtRBT8,Three pronounced dead after two-vehicle crash in Sheboygan County,https://www.youtube.com/watch?v=VNbN8WtRBT8,265,2024-12-26T11:00:24.242Z
@WRAL5,e-7ksgmLg2M,"NCDOT trucks brining Triangle roads, freezing rain possible before 7 a.m. tomorrow",https://www.youtube.com/watch?v=e-7ksgmLg2M,235,2024-12-26T04:05:05.517Z
@WRAL5,gVwMlNg4j38,Fenton shooting suspect says gun went off by accident,https://www.youtube.com/watch?v=gVwMlNg4j38,23,2024-12-25T19:00:36.785Z
@WRAL5,Af-dvTy8kDA,NCDOT brines bridges and roads ahead of possible freezing rain,https://www.youtube.com/watch?v=Af-dvTy8kDA,21,2024-12-25T12:03:50.241Z
@WRAL5,ddkVftITC_4,"1 killed, several others hurt after fiery boat crash in Ft. Lauderdale",https://www.youtube.com/watch?v=ddkVftITC_4,478,2024-12-25T02:04:55.729Z
@WRAL5,2SbBWQ8WLCY,Mother and baby survive two drunk driver accidents in 9 months,https://www.youtube.com/watch?v=2SbBWQ8WLCY,114,2024-12-25T02:04:55.729Z
@WRAL5,RnA1GyYGhj8,Man with NC ties shot dead by Texas police after crashing pickup truck into mall,https://www.youtube.com/watch?v=RnA1GyYGhj8,175,2024-12-25T01:02:13.049Z
@WFRVLocal5,9lLbzuymXy0,Three pronounced dead after two-vehicle crash in Sheboygan County,https://www.youtube.com/watch?v=9lLbzuymXy0,241,2024-12-25T00:04:54.366Z
abc15,dumzxTdUTiM,Fundraiser held to honor teen killed in Phoenix crash,https://www.youtube.com/watch?v=dumzxTdUTiM,1168,2024-12-24T23:04:23.023Z
11Alive,XKDmpxrU0wM,Christmas Eve morning traffic update in Atlanta,https://www.youtube.com/watch?v=XKDmpxrU0wM,274,2024-12-24T22:02:07.959Z
@WRAL5,utGJBg8f4s8,E. Carver Street closed after man found shot to death in crashed car in Durham,https://www.youtube.com/watch?v=utGJBg8f4s8,140,2024-12-24T20:03:07.131Z
@13ONYOURSIDE,1rqcYTgVDXo,"American Airlines 'technology issue' briefly grounds flights, causes delays at GRR",https://www.youtube.com/watch?v=1rqcYTgVDXo,44,2024-12-24T19:02:05.032Z
11Alive,uE17w8WyGOA,President Biden commutes death sentences of two Georgians to life without parole,https://www.youtube.com/watch?v=uE17w8WyGOA,952,2024-12-24T18:05:17.667Z
11Alive,SQD5AtNpT-Y,President Biden commutes death sentences of two Georgians to life without parole,https://www.youtube.com/watch?v=SQD5AtNpT-Y,717,2024-12-24T17:04:36.228Z
@WRAL5,Ip9un1nIMmE,Bad crash closes part of NC-57 in for hours in Orange County,https://www.youtube.com/watch?v=Ip9un1nIMmE,61,2024-12-24T16:04:09.657Z
@WRAL5,LlL2PVvTplw,Car crashes on I-95 in Harnett County after passenger shot twice from another moving vehicle,https://www.youtube.com/watch?v=LlL2PVvTplw,39,2024-12-24T16:04:09.657Z
@WRAL5,LGOQHmrRlD0,Deadly crash in Durham,https://www.youtube.com/watch?v=LGOQHmrRlD0,19,2024-12-24T16:04:09.657Z
@wxyztvdetroit,XceS2XIU9-M,John Keating announces intention to retire in spring after 45 years in broadcasting,https://www.youtube.com/watch?v=XceS2XIU9-M,637,2024-12-24T14:03:06.137Z
@WRAL5,MK99p4ZnTb0,BREAKING: President Biden commutes 37 federal sentences from death-row to life in prison,https://www.youtube.com/watch?v=MK99p4ZnTb0,8215,2024-12-24T12:03:22.863Z
@6abcActionNews,x-jRgmj5zns,President Biden commutes sentences of nearly all federal death row inmates,https://www.youtube.com/watch?v=x-jRgmj5zns,6287,2024-12-24T12:02:34.757Z
11Alive,bli_ibxwGPI,Atlanta rush hour | Traffic conditions,https://www.youtube.com/watch?v=bli_ibxwGPI,135,2024-12-24T11:04:51.208Z
@WRAL5,oWn88RQ3X6Y,Man found shot dead in crashed car in Durham; Police searching for suspect,https://www.youtube.com/watch?v=oWn88RQ3X6Y,503,2024-12-24T11:03:50.705Z
@ABC13Houston,NkzHFIapSXc,Family of man killed in NW Houston crash wants answers,https://www.youtube.com/watch?v=NkzHFIapSXc,1139,2024-12-24T03:02:41.581Z
@13ONYOURSIDE,hhYDAHq0bxo,Road crews working to address snowy roads in Kent Co.,https://www.youtube.com/watch?v=hhYDAHq0bxo,231,2024-12-23T23:02:53.882Z
@WPLGLocal10,toxOX7Qq8uY,Pedestrian dies after crash in Hollywood,https://www.youtube.com/watch?v=toxOX7Qq8uY,629,2024-12-23T23:02:39.943Z
11Alive,9fyS0jF8TiM,Thieves crash into jewelry store in Canada,https://www.youtube.com/watch?v=9fyS0jF8TiM,1244,2024-12-23T22:03:07.855Z
11Alive,qbPZGOIesuU,President Biden commutes death sentences of two Georgians to life without parole,https://www.youtube.com/watch?v=qbPZGOIesuU,7453,2024-12-23T22:03:07.855Z
@6abcActionNews,b3_MPafbi34,What we know about suspect in deadly Germany Christmas market crash,https://www.youtube.com/watch?v=b3_MPafbi34,3659,2024-12-23T19:02:34.812Z
@WPLGLocal10,76iGsllL2Eg,Brazilians mourn after 38 die in bus crash,https://www.youtube.com/watch?v=76iGsllL2Eg,586,2024-12-23T17:02:59.830Z
@WRAL5,UxKCAwDrojA,18-year-old charged in stolen car crash that injures seven,https://www.youtube.com/watch?v=UxKCAwDrojA,429,2024-12-23T15:02:13.496Z
@13ONYOURSIDE,-2BI1_XYO78,"13 OYS Weather Chaser takes a live look at road conditions Thursday, Dec. 19",https://www.youtube.com/watch?v=-2BI1_XYO78,211,2024-12-23T13:00:41.784Z
@13ONYOURSIDE,KM9s3Qk3kWo,13 ON YOUR SIDE Forecast: Snow through Friday AM Leaving Slick Roads,https://www.youtube.com/watch?v=KM9s3Qk3kWo,1043,2024-12-23T12:03:56.933Z
@wxyztvdetroit,_FnVVtaq-VA,How is snow impacting the roads in metro Detroit,https://www.youtube.com/watch?v=_FnVVtaq-VA,1408,2024-12-23T12:00:57.929Z
11Alive,1SmY6wQTRC4,Child defies the odds after being injured in life-changing crash,https://www.youtube.com/watch?v=1SmY6wQTRC4,444,2024-12-23T11:02:33.949Z
11Alive,8bA0ZFtjKb0,1 detained after hit and run crash involving troopers in Buckhead,https://www.youtube.com/watch?v=8bA0ZFtjKb0,697,2024-12-23T11:02:33.949Z
11Alive,VWtg72kL44w,Major crash shuts down I-75 in Cobb County,https://www.youtube.com/watch?v=VWtg72kL44w,880,2024-12-23T11:02:33.949Z
@WFRVLocal5,E7iKRfX9YVg,"Deputies: Alcohol a factor in Waupaca County crash that killed driver, passenger airlifted",https://www.youtube.com/watch?v=E7iKRfX9YVg,132,2024-12-23T04:04:57.426Z
@ABC13Houston,EmPCbFmvwDs,"Video shows car crash into Westheimer barbershop and next-door businesses, injuring child and others",https://www.youtube.com/watch?v=EmPCbFmvwDs,9047,2024-12-22T23:05:16.307Z
@WPLGLocal10,0wZMXiBKb4I,Turnpike closes after fatal crash,https://www.youtube.com/watch?v=0wZMXiBKb4I,1903,2024-12-22T23:04:30.827Z
@WPLGLocal10,F-NSGU2zcPA,Fire rescue responds to I-75 crash at mile marker 29,https://www.youtube.com/watch?v=F-NSGU2zcPA,496,2024-12-22T23:04:30.827Z
@WPLGLocal10,d-j6RNTnGU8,Driver dies in fiery hit-and-run crash in Miami-Dade,https://www.youtube.com/watch?v=d-j6RNTnGU8,2029,2024-12-22T23:04:30.827Z
11Alive,AeX6u6aTwuo,"1 person detained after APD officer involved in Buckhead hit-and-run crash, police say",https://www.youtube.com/watch?v=AeX6u6aTwuo,1387,2024-12-22T23:03:56.342Z
@WPLGLocal10,jzgR3mcmtO8,Victims of Everglades airboat crash hire attorneys,https://www.youtube.com/watch?v=jzgR3mcmtO8,1205,2024-12-22T17:00:40.664Z
@wxyztvdetroit,oWo2l6CyuPI,Detroit road rage shooting leaves man in critical condition,https://www.youtube.com/watch?v=oWo2l6CyuPI,9400,2024-12-22T16:01:48.509Z
11Alive,S74tcmEEiOw,1 person detained after APD officer involved in Buckhead hit-and-run crash,https://www.youtube.com/watch?v=S74tcmEEiOw,1623,2024-12-22T15:04:12.745Z
@wxyztvdetroit,24CY-8_2GzQ,Slippery roads expected in light snow,https://www.youtube.com/watch?v=24CY-8_2GzQ,1170,2024-12-22T14:04:43.186Z
abc15,tUDvROaxVTs,"Plane crashes in Mesa orange grove outside Falcon Field, no injuries reported",https://www.youtube.com/watch?v=tUDvROaxVTs,1584,2024-12-22T14:00:24.615Z
